Book name,Book link
A Light in the ...,catalogue/a-light-in-the-attic_1000/index.html
Tipping the Velvet,catalogue/tipping-the-velvet_999/index.html
Soumission,catalogue/soumission_998/index.html
Sharp Objects,catalogue/sharp-objects_997/index.html
Sapiens: A Brief History ...,catalogue/sapiens-a-brief-history-of-humankind_996/index.html
The Requiem Red,catalogue/the-requiem-red_995/index.html
The Dirty Little Secrets ...,catalogue/the-dirty-little-secrets-of-getting-your-dream-job_994/index.html
The Coming Woman: A ...,catalogue/the-coming-woman-a-novel-based-on-the-life-of-the-infamous-feminist-victoria-woodhull_993/index.html
The Boys in the ...,catalogue/the-boys-in-the-boat-nine-americans-and-their-epic-quest-for-gold-at-the-1936-berlin-olympics_992/index.html
The Black Maria,catalogue/the-black-maria_991/index.html
Starving Hearts (Triangular Trade ...,catalogue/starving-hearts-triangular-trade-trilogy-1_990/index.html
Shakespeare's Sonnets,catalogue/shakespeares-sonnets_989/index.html
Set Me Free,catalogue/set-me-free_988/index.html
Scott Pilgrim's Precious Little ...,catalogue/scott-pilgrims-precious-little-life-scott-pilgrim-1_987/index.html
Rip it Up and ...,catalogue/rip-it-up-and-start-again_986/index.html
Our Band Could Be ...,catalogue/our-band-could-be-your-life-scenes-from-the-american-indie-underground-1981-1991_985/index.html
Olio,catalogue/olio_984/index.html
Mesaerion: The Best Science ...,catalogue/mesaerion-the-best-science-fiction-stories-1800-1849_983/index.html
Libertarianism for Beginners,catalogue/libertarianism-for-beginners_982/index.html
It's Only the Himalayas,catalogue/its-only-the-himalayas_981/index.html
In Her Wake,in-her-wake_980/index.html
How Music Works,how-music-works_979/index.html
Foolproof Preserving: A Guide ...,foolproof-preserving-a-guide-to-small-batch-jams-jellies-pickles-condiments-and-more-a-foolproof-guide-to-making-small-batch-jams-jellies-pickles-condiments-and-more_978/index.html
Chase Me (Paris Nights ...,chase-me-paris-nights-2_977/index.html
Black Dust,black-dust_976/index.html
Birdsong: A Story in ...,birdsong-a-story-in-pictures_975/index.html
America's Cradle of Quarterbacks: ...,americas-cradle-of-quarterbacks-western-pennsylvanias-football-factory-from-johnny-unitas-to-joe-montana_974/index.html
Aladdin and His Wonderful ...,aladdin-and-his-wonderful-lamp_973/index.html
Worlds Elsewhere: Journeys Around ...,worlds-elsewhere-journeys-around-shakespeares-globe_972/index.html
Wall and Piece,wall-and-piece_971/index.html
The Four Agreements: A ...,the-four-agreements-a-practical-guide-to-personal-freedom_970/index.html
The Five Love Languages: ...,the-five-love-languages-how-to-express-heartfelt-commitment-to-your-mate_969/index.html
The Elephant Tree,the-elephant-tree_968/index.html
The Bear and the ...,the-bear-and-the-piano_967/index.html
Sophie's World,sophies-world_966/index.html
Penny Maybe,penny-maybe_965/index.html
Maude (1883-1993):She Grew Up ...,maude-1883-1993she-grew-up-with-the-country_964/index.html
"In a Dark, Dark ...",in-a-dark-dark-wood_963/index.html
Behind Closed Doors,behind-closed-doors_962/index.html
You can't bury them ...,you-cant-bury-them-all-poems_961/index.html
Slow States of Collapse: ...,slow-states-of-collapse-poems_960/index.html
Reasons to Stay Alive,reasons-to-stay-alive_959/index.html
Private Paris (Private #10),private-paris-private-10_958/index.html
#HigherSelfie: Wake Up Your ...,higherselfie-wake-up-your-life-free-your-soul-find-your-tribe_957/index.html
Without Borders (Wanderlove #1),without-borders-wanderlove-1_956/index.html
When We Collided,when-we-collided_955/index.html
"We Love You, Charlie ...",we-love-you-charlie-freeman_954/index.html
Untitled Collection: Sabbath Poems ...,untitled-collection-sabbath-poems-2014_953/index.html
Unseen City: The Majesty ...,unseen-city-the-majesty-of-pigeons-the-discreet-charm-of-snails-other-wonders-of-the-urban-wilderness_952/index.html
Unicorn Tracks,unicorn-tracks_951/index.html
Unbound: How Eight Technologies ...,unbound-how-eight-technologies-made-us-human-transformed-society-and-brought-our-world-to-the-brink_950/index.html
Tsubasa: WoRLD CHRoNiCLE 2 ...,tsubasa-world-chronicle-2-tsubasa-world-chronicle-2_949/index.html
Throwing Rocks at the ...,throwing-rocks-at-the-google-bus-how-growth-became-the-enemy-of-prosperity_948/index.html
This One Summer,this-one-summer_947/index.html
Thirst,thirst_946/index.html
The Torch Is Passed: ...,the-torch-is-passed-a-harding-family-story_945/index.html
The Secret of Dreadwillow ...,the-secret-of-dreadwillow-carse_944/index.html
The Pioneer Woman Cooks: ...,the-pioneer-woman-cooks-dinnertime-comfort-classics-freezer-food-16-minute-meals-and-other-delicious-ways-to-solve-supper_943/index.html
The Past Never Ends,the-past-never-ends_942/index.html
The Natural History of ...,the-natural-history-of-us-the-fine-art-of-pretending-2_941/index.html
The Nameless City (The ...,the-nameless-city-the-nameless-city-1_940/index.html
The Murder That Never ...,the-murder-that-never-was-forensic-instincts-5_939/index.html
The Most Perfect Thing: ...,the-most-perfect-thing-inside-and-outside-a-birds-egg_938/index.html
The Mindfulness and Acceptance ...,the-mindfulness-and-acceptance-workbook-for-anxiety-a-guide-to-breaking-free-from-anxiety-phobias-and-worry-using-acceptance-and-commitment-therapy_937/index.html
The Life-Changing Magic of ...,the-life-changing-magic-of-tidying-up-the-japanese-art-of-decluttering-and-organizing_936/index.html
The Inefficiency Assassin: Time ...,the-inefficiency-assassin-time-management-tactics-for-working-smarter-not-longer_935/index.html
The Gutsy Girl: Escapades ...,the-gutsy-girl-escapades-for-your-life-of-epic-adventure_934/index.html
The Electric Pencil: Drawings ...,the-electric-pencil-drawings-from-inside-state-hospital-no-3_933/index.html
The Death of Humanity: ...,the-death-of-humanity-and-the-case-for-life_932/index.html
The Bulletproof Diet: Lose ...,the-bulletproof-diet-lose-up-to-a-pound-a-day-reclaim-energy-and-focus-upgrade-your-life_931/index.html
The Art Forger,the-art-forger_930/index.html
The Age of Genius: ...,the-age-of-genius-the-seventeenth-century-and-the-birth-of-the-modern-mind_929/index.html
The Activist's Tao Te ...,the-activists-tao-te-ching-ancient-advice-for-a-modern-revolution_928/index.html
Spark Joy: An Illustrated ...,spark-joy-an-illustrated-master-class-on-the-art-of-organizing-and-tidying-up_927/index.html
Soul Reader,soul-reader_926/index.html
Security,security_925/index.html
"Saga, Volume 6 (Saga ...",saga-volume-6-saga-collected-editions-6_924/index.html
"Saga, Volume 5 (Saga ...",saga-volume-5-saga-collected-editions-5_923/index.html
Reskilling America: Learning to ...,reskilling-america-learning-to-labor-in-the-twenty-first-century_922/index.html
"Rat Queens, Vol. 3: ...",rat-queens-vol-3-demons-rat-queens-collected-editions-11-15_921/index.html
"Princess Jellyfish 2-in-1 Omnibus, ...",princess-jellyfish-2-in-1-omnibus-vol-01-princess-jellyfish-2-in-1-omnibus-1_920/index.html
Princess Between Worlds (Wide-Awake ...,princess-between-worlds-wide-awake-princess-5_919/index.html
"Pop Gun War, Volume ...",pop-gun-war-volume-1-gift_918/index.html
"Political Suicide: Missteps, Peccadilloes, ...",political-suicide-missteps-peccadilloes-bad-calls-backroom-hijinx-sordid-pasts-rotten-breaks-and-just-plain-dumb-mistakes-in-the-annals-of-american-politics_917/index.html
Patience,patience_916/index.html
"Outcast, Vol. 1: A ...",outcast-vol-1-a-darkness-surrounds-him-outcast-1_915/index.html
orange: The Complete Collection ...,orange-the-complete-collection-1-orange-the-complete-collection-1_914/index.html
Online Marketing for Busy ...,online-marketing-for-busy-authors-a-step-by-step-guide_913/index.html
On a Midnight Clear,on-a-midnight-clear_912/index.html
Obsidian (Lux #1),obsidian-lux-1_911/index.html
My Paris Kitchen: Recipes ...,my-paris-kitchen-recipes-and-stories_910/index.html
Masks and Shadows,masks-and-shadows_909/index.html
Mama Tried: Traditional Italian ...,mama-tried-traditional-italian-cooking-for-the-screwed-crude-vegan-and-tattooed_908/index.html
"Lumberjanes, Vol. 2: Friendship ...",lumberjanes-vol-2-friendship-to-the-max-lumberjanes-5-8_907/index.html
"Lumberjanes, Vol. 1: Beware ...",lumberjanes-vol-1-beware-the-kitten-holy-lumberjanes-1-4_906/index.html
Lumberjanes Vol. 3: A ...,lumberjanes-vol-3-a-terrible-plan-lumberjanes-9-12_905/index.html
"Layered: Baking, Building, and ...",layered-baking-building-and-styling-spectacular-cakes_904/index.html
Judo: Seven Steps to ...,judo-seven-steps-to-black-belt-an-introductory-guide-for-beginners_903/index.html
Join,join_902/index.html
In the Country We ...,in-the-country-we-love-my-family-divided_901/index.html
